{
  "session_summary": {
    "total_laps": 1,
    "trajectory_file": "odometry_trajectory_20251022_110456.json",
    "total_distance_target_m": 103.34269039953736,
    "brake_start_distance_m": 8.0
  },
  "laps": [
    {
      "session_id": "lap_1_20251022_112957",
      "start_timestamp": 1761128997.688815,
      "end_timestamp": 1761129093.5132258,
      "trajectory_file": "odometry_trajectory_20251022_110456.json",
      "target_distance_m": 103.34269039953736,
      "actual_distance_m": 107.97792228870094,
      "execution_time_s": 95.82441067695618,
      "lap_number": 1,
      "total_steering_commands": 434,
      "total_brake_commands": 123,
      "brake_initiated_at_m": 95.46688649492941,
      "brake_duration_s": 10.74341893196106,
      "mean_angle_error_deg": 56.803917050691254,
      "max_angle_error_deg": 377.1,
      "mean_distance_error_m": 0.07266956990456155,
      "max_distance_error_m": 0.20655297467263267,
      "rms_position_error_m": 3.5079372782531215,
      "final_position_xy": [
        -0.01874074610843719,
        17.300616067514355
      ],
      "loop_closure_error_m": 17.300626217888777,
      "sensor_dropout_events": 0,
      "control_failure_events": 0,
      "timing_violations": 0
    }
  ]
}