{
  "session_summary": {
    "total_laps": 1,
    "trajectory_file": "odometry_trajectory_20251022_110456.json",
    "total_distance_target_m": 103.34269039953736,
    "brake_start_distance_m": 8.0
  },
  "laps": [
    {
      "session_id": "lap_1_20251022_110708",
      "start_timestamp": 1761127628.757374,
      "end_timestamp": 1761127701.3746881,
      "trajectory_file": "odometry_trajectory_20251022_110456.json",
      "target_distance_m": 103.34269039953736,
      "actual_distance_m": 106.60766640471094,
      "execution_time_s": 72.6173141002655,
      "lap_number": 1,
      "total_steering_commands": 434,
      "total_brake_commands": 96,
      "brake_initiated_at_m": 95.48493371241635,
      "brake_duration_s": 8.641136884689331,
      "mean_angle_error_deg": 87.21866359447003,
      "max_angle_error_deg": 349.30000000000007,
      "mean_distance_error_m": 0.07540620424010923,
      "max_distance_error_m": 0.22085618020773268,
      "rms_position_error_m": 4.448119058072322,
      "final_position_xy": [
        2.0057122913680683,
        8.544028352120021
      ],
      "loop_closure_error_m": 8.7762920574452,
      "sensor_dropout_events": 0,
      "control_failure_events": 0,
      "timing_violations": 0
    }
  ]
}